{
  "Naive Bayes": 0.242126,
  "Random Forest": 0.246053,
  "Logistic Regression": 0.256461,
  "SVM": 0.255361
}